name,club,course,race_name,race_date,age_grp,distance,course_type,stroke,time
Joanne Lou,Artemis Aquatics,LC,2026 Australian Age Championships,2026-04-17,16y/o,100M,L,Breaststroke,1:18.14
Joanne Lou,Artemis Aquatics,LC,2026 Australian Age Championships,2026-04-16,16y/o,100M,L,Freestyle,1:00.61
Joanne Lou,Artemis Aquatics,LC,2026 Australian Age Championships,2026-04-14,16y/o,50M,L,Breaststroke,0:36.05
Joanne Lou,Artemis Aquatics,LC,2026 Australian Age Championships,2026-04-12,16y/o,50M,L,Freestyle,0:27.76
Joanne Lou,Artemis Aquatics,LC,2026 Australian Age Championships,2026-04-11,16y/o,200M,L,Breaststroke,2:48.01
Joanne Lou,Artemis Aquatics,LC,2026 Victorian Last Chance National Qualifying Competition,2026-03-22,16y/o,100M,L,Freestyle,1:00.44
Joanne Lou,Artemis Aquatics,LC,2026 Caulfield Aquatics LC Meet,2026-03-15,16y/o,100M,L,Breaststroke,1:18.17
Joanne Lou,Artemis Aquatics,LC,2026 Caulfield Aquatics LC Meet,2026-03-15,16y/o,100M,L,Freestyle,1:01.53
Joanne Lou,Artemis Aquatics,LC,2026 Mattioli Victorian Open LC Championships,2026-02-13,15y/o,100M,L,Breaststroke,1:19.77
Joanne Lou,Artemis Aquatics,LC,2026 Mattioli Victorian Open LC Championships,2026-02-13,15y/o,100M,L,Freestyle,1:02.62
Joanne Lou,Artemis Aquatics,LC,Essendon Aquatic National Prep Meet,2026-02-08,15y/o,200M,L,Breaststroke,2:48.12
Joanne Lou,Artemis Aquatics,LC,2026 Nunawading Summer Long Course Meet,2026-01-31,15y/o,200M,L,Freestyle,2:16.81
Joanne Lou,Artemis Aquatics,LC,2026 Nunawading Summer Long Course Meet,2026-01-31,15y/o,100M,L,Freestyle,1:01.69
Joanne Lou,Artemis Aquatics,LC,25/26 Mattioli Victorian Sprint Championships,2025-11-30,15y/o,50M,L,Breaststroke,0:35.61
Joanne Lou,Artemis Aquatics,LC,25/26 Mattioli Victorian Sprint Championships,2025-11-30,15y/o,50M,L,Freestyle,0:27.54
Joanne Lou,Artemis Aquatics,LC,25/26 Mattioli Victorian Sprint Championships,2025-11-29,15y/o,50M,L,Freestyle,0:27.33
Joanne Lou,Artemis Aquatics,LC,25/26 Mattioli Victorian Sprint Championships,2025-11-29,15y/o,50M,L,Butterfly,0:33.00
Joanne Lou,Artemis Aquatics,LC,25/26 Mattioli Victorian Sprint Championships,2025-11-29,15y/o,50M,L,Breaststroke,0:35.89
Joanne Lou,Artemis Aquatics,LC,Caulfield Aquatics LC Sprint Meet 2025,2025-11-16,15y/o,100M,L,Breaststroke,1:21.46
Joanne Lou,Artemis Aquatics,LC,MLC Aq LC Meet Nov 2025,2025-11-01,15y/o,200M,L,Medley,2:35.55
Joanne Lou,Artemis Aquatics,LC,MLC Aq LC Meet Nov 2025,2025-11-01,15y/o,200M,L,Breaststroke,2:54.00
Joanne Lou,Artemis Aquatics,SC,2025/26 Victorian Age SC Championships,2025-09-14,15y/o,200M,S,Breaststroke,2:41.91
Joanne Lou,Artemis Aquatics,SC,2025/26 Victorian Age SC Championships,2025-09-14,15y/o,200M,S,Breaststroke,2:42.58
Joanne Lou,Artemis Aquatics,SC,2025/26 Victorian Age SC Championships,2025-09-14,15y/o,200M,S,Freestyle,2:13.57
Joanne Lou,Artemis Aquatics,SC,2025/26 Victorian Age SC Championships,2025-09-13,15y/o,100M,S,Breaststroke,1:15.48
Joanne Lou,Artemis Aquatics,SC,2025/26 Victorian Age SC Championships,2025-09-13,15y/o,100M,S,Breaststroke,1:14.37
Joanne Lou,Artemis Aquatics,SC,2025/26 Victorian Age SC Championships,2025-09-12,15y/o,200M,S,Medley,2:28.37
Joanne Lou,Artemis Aquatics,SC,2025/26 Victorian Age SC Championships,2025-09-12,15y/o,200M,S,Medley,2:26.52
Joanne Lou,Artemis Aquatics,SC,2025/26 Victorian Age SC Championships,2025-09-12,15y/o,50M,S,Freestyle,0:27.85
Joanne Lou,Artemis Aquatics,SC,2025 Nuna Short Course Meet,2025-08-09,15y/o,200M,S,Medley,2:27.95
Joanne Lou,Artemis Aquatics,SC,2025 Geelong Sharks Winter SC Trophy Meet,2025-07-20,15y/o,100M,S,Breaststroke,1:19.95
Joanne Lou,Artemis Aquatics,SC,2025 Geelong Sharks Winter SC Trophy Meet,2025-07-20,15y/o,200M,S,Butterfly,2:51.45
Joanne Lou,Artemis Aquatics,SC,2025 Geelong Sharks Winter SC Trophy Meet,2025-07-20,15y/o,200M,S,Medley,2:34.68
Joanne Lou,Artemis Aquatics,SC,2025 Geelong Sharks Winter SC Trophy Meet,2025-07-20,15y/o,100M,S,Medley,1:10.91
Joanne Lou,Artemis Aquatics,SC,2025 Geelong Sharks Winter SC Trophy Meet,2025-07-20,15y/o,200M,S,Freestyle,2:17.23
Joanne Lou,Artemis Aquatics,LC,2025 Vic School Associations Competition,2025-05-12,15y/o,50M,L,Freestyle,0:28.70
Joanne Lou,Artemis Aquatics,LC,2025 Australian Age and MC Age Championships,2025-04-17,15y/o,50M,L,Freestyle,0:28.03
Joanne Lou,Artemis Aquatics,LC,2025 Australian Age and MC Age Championships,2025-04-17,15y/o,100M,L,Breaststroke,1:20.57
Joanne Lou,Artemis Aquatics,LC,2025 Australian Age and MC Age Championships,2025-04-15,15y/o,200M,L,Breaststroke,2:54.15
Joanne Lou,Artemis Aquatics,LC,2025 Australian Age and MC Age Championships,2025-04-14,15y/o,200M,L,Freestyle,2:17.55
Joanne Lou,Artemis Aquatics,LC,2025 Australian Age and MC Age Championships,2025-04-12,15y/o,200M,L,Medley,2:33.85
Joanne Lou,Artemis Aquatics,LC,2025 Australian Age and MC Age Championships,2025-04-12,15y/o,100M,L,Freestyle,1:01.01
Joanne Lou,Artemis Aquatics,LC,Caulfield aquatics Long Course Meet,2025-03-16,15y/o,50M,L,Freestyle,0:28.02
Joanne Lou,Artemis Aquatics,LC,Caulfield aquatics Long Course Meet,2025-03-16,15y/o,50M,L,Breaststroke,0:37.09
Joanne Lou,Artemis Aquatics,LC,2025 Mattioli Victorian Metropolitan LC Championships,2025-03-09,15y/o,200M,L,Freestyle,2:12.52
Joanne Lou,Artemis Aquatics,LC,2025 Mattioli Victorian Metropolitan LC Championships,2025-03-09,15y/o,200M,L,Freestyle,2:14.65
Joanne Lou,Artemis Aquatics,LC,2025 Mattioli Victorian Metropolitan LC Championships,2025-03-08,15y/o,200M,L,Medley,2:30.04
Joanne Lou,Artemis Aquatics,LC,2025 Mattioli Victorian Metropolitan LC Championships,2025-03-08,15y/o,200M,L,Medley,2:28.98
Joanne Lou,Artemis Aquatics,LC,2025 Mattioli Victorian Open LC Championships,2025-02-16,14y/o,200M,L,Freestyle,2:18.46
Joanne Lou,Artemis Aquatics,LC,2025 Mattioli Victorian Open LC Championships,2025-02-16,14y/o,200M,L,Medley,2:35.14
Joanne Lou,Artemis Aquatics,LC,2025 Mattioli Victorian Open LC Championships,2025-02-16,14y/o,50M,L,Breaststroke,0:36.52
Joanne Lou,Artemis Aquatics,LC,2025 Mattioli Victorian Open LC Championships,2025-02-15,14y/o,50M,L,Freestyle,0:28.41
Joanne Lou,Artemis Aquatics,LC,2025 Mattioli Victorian Open LC Championships,2025-02-14,14y/o,100M,L,Breaststroke,1:18.84
Joanne Lou,Artemis Aquatics,LC,Metro East Long Course Preparation Meet 2025,2025-01-26,14y/o,50M,L,Breaststroke,0:37.41
Joanne Lou,Artemis Aquatics,LC,Metro East Long Course Preparation Meet 2025,2025-01-26,14y/o,200M,L,Medley,2:33.01
Joanne Lou,Artemis Aquatics,LC,2025 Mattioli Victorian Sprint Championships,2025-01-11,14y/o,50M,L,Butterfly,0:32.78
Joanne Lou,Artemis Aquatics,LC,2025 Mattioli Victorian Sprint Championships,2025-01-11,14y/o,50M,L,Breaststroke,0:37.17
Joanne Lou,Artemis Aquatics,LC,2025 Mattioli Victorian Sprint Championships,2025-01-11,14y/o,50M,L,Freestyle,0:28.32
Joanne Lou,Artemis Aquatics,LC,2025 Mattioli Victorian Age LC Championships,2024-12-18,14y/o,50M,L,Freestyle,0:28.51
Joanne Lou,Artemis Aquatics,LC,2025 Mattioli Victorian Age LC Championships,2024-12-17,14y/o,400M,L,Freestyle,4:57.28
Joanne Lou,Artemis Aquatics,LC,2025 Mattioli Victorian Age LC Championships,2024-12-17,14y/o,100M,L,Breaststroke,1:20.55
Joanne Lou,Artemis Aquatics,LC,2025 Mattioli Victorian Age LC Championships,2024-12-16,14y/o,200M,L,Medley,2:31.01
Joanne Lou,Artemis Aquatics,LC,2025 Mattioli Victorian Age LC Championships,2024-12-16,14y/o,200M,L,Medley,2:32.64
Joanne Lou,Artemis Aquatics,LC,2025 Mattioli Victorian Age LC Championships,2024-12-15,14y/o,100M,L,Freestyle,1:01.14
Joanne Lou,Artemis Aquatics,LC,2025 Mattioli Victorian Age LC Championships,2024-12-15,14y/o,200M,L,Breaststroke,2:49.98
Joanne Lou,Artemis Aquatics,LC,2025 Mattioli Victorian Age LC Championships,2024-12-15,14y/o,200M,L,Breaststroke,2:50.01
Joanne Lou,Artemis Aquatics,LC,2025 Mattioli Victorian Age LC Championships,2024-12-15,14y/o,100M,L,Freestyle,1:05.52
Joanne Lou,Artemis Aquatics,LC,2025 Mattioli Victorian Age LC Championships,2024-12-15,14y/o,50M,L,Freestyle,0:28.32
Joanne Lou,Artemis Aquatics,LC,2025 Mattioli Victorian Age LC Championships,2024-12-14,14y/o,200M,L,Freestyle,2:16.77
Joanne Lou,Artemis Aquatics,LC,2024 Bayside Long Course Meet,2024-11-09,14y/o,200M,L,Medley,2:36.14
Joanne Lou,Artemis Aquatics,LC,MLC Aquatic November 2024 LC Meet,2024-11-02,14y/o,400M,L,Freestyle,4:53.01
Joanne Lou,Artemis Aquatics,LC,MLC Aquatic November 2024 LC Meet,2024-11-02,14y/o,400M,L,Medley,5:33.44
Joanne Lou,Artemis Aquatics,SC,2024 UNCLOUD Victorian Age SC Championships,2024-09-08,14y/o,200M,S,Breaststroke,2:44.22
Joanne Lou,Artemis Aquatics,SC,2024 UNCLOUD Victorian Age SC Championships,2024-09-08,14y/o,100M,S,Freestyle,1:02.26
Joanne Lou,Artemis Aquatics,SC,2024 UNCLOUD Victorian Age SC Championships,2024-09-08,14y/o,200M,S,Breaststroke,2:44.52
Joanne Lou,Artemis Aquatics,SC,2024 UNCLOUD Victorian Age SC Championships,2024-09-06,14y/o,50M,S,Freestyle,0:28.00
Joanne Lou,Artemis Aquatics,SC,2024 UNCLOUD Victorian Age SC Championships,2024-09-06,14y/o,100M,S,Breaststroke,1:16.16
Joanne Lou,Artemis Aquatics,SC,2024 UNCLOUD Victorian Age SC Championships,2024-09-06,14y/o,100M,S,Breaststroke,1:16.42
Joanne Lou,Artemis Aquatics,SC,2024 UNCLOUD Victorian Age SC Championships,2024-09-06,14y/o,50M,S,Freestyle,0:27.87
Joanne Lou,Artemis Aquatics,SC,2024 UNCLOUD Victorian Age SC Championships,2024-09-06,14y/o,50M,S,Freestyle,0:28.17
Joanne Lou,Artemis Aquatics,SC,2024 UNCLOUD Victorian Age SC Championships,2024-09-06,14y/o,200M,S,Medley,2:33.24
Joanne Lou,Artemis Aquatics,SC,2024 UNCLOUD Victorian Open SC Championships,2024-08-18,14y/o,100M,S,Freestyle,1:00.53
Joanne Lou,Artemis Aquatics,SC,2024 UNCLOUD Victorian Open SC Championships,2024-08-17,14y/o,50M,S,Freestyle,0:27.89
Joanne Lou,Artemis Aquatics,SC,2024 UNCLOUD Victorian Open SC Championships,2024-08-17,14y/o,200M,S,Medley,2:32.33
Joanne Lou,Artemis Aquatics,SC,2024 -Metro West Annual SC Meet  16 June 2024,2024-06-16,14y/o,100M,S,Butterfly,1:11.27
Joanne Lou,Artemis Aquatics,SC,2024 -Metro West Annual SC Meet  16 June 2024,2024-06-16,14y/o,400M,S,Freestyle,4:49.04
Joanne Lou,Artemis Aquatics,SC,2024 -Metro West Annual SC Meet  16 June 2024,2024-06-16,14y/o,100M,S,Backstroke,1:12.07
Joanne Lou,Artemis Aquatics,SC,2024 Warrnambool June SC Meet,2024-06-09,14y/o,200M,S,Butterfly,2:46.96
Joanne Lou,Artemis Aquatics,SC,2024 Warrnambool June SC Meet,2024-06-09,14y/o,200M,S,Backstroke,2:45.73
Joanne Lou,Artemis Aquatics,SC,2024 Warrnambool June SC Meet,2024-06-08,14y/o,200M,S,Freestyle,2:14.94
Joanne Lou,Artemis Aquatics,SC,2024 Warrnambool June SC Meet,2024-06-08,14y/o,200M,S,Medley,2:32.16
Joanne Lou,Artemis Aquatics,SC,2024 Warrnambool June SC Meet,2024-06-08,14y/o,200M,S,Breaststroke,2:45.25
Joanne Lou,Artemis Aquatics,LC,2024 Australian Age & MC Age Championships,2024-04-10,14y/o,50M,L,Breaststroke,0:36.52
Joanne Lou,Artemis Aquatics,LC,2024 Australian Age & MC Age Championships,2024-04-09,14y/o,50M,L,Freestyle,0:28.21
Joanne Lou,Artemis Aquatics,LC,2024 GSV Diving & Swimming Finals Evening,2024-03-26,14y/o,50M,L,Freestyle,0:28.80
Joanne Lou,Artemis Aquatics,LC,2024 GSV Diving & Swimming Finals Evening,2024-03-26,14y/o,50M,L,Freestyle,0:28.43
Joanne Lou,Artemis Aquatics,LC,2024 GSV Diving & Swimming Finals Evening,2024-03-26,14y/o,50M,L,Breaststroke,0:37.31
Joanne Lou,Artemis Aquatics,LC,2024 GSV Diving & Swimming Finals Evening,2024-03-26,14y/o,50M,L,Butterfly,0:33.15
Joanne Lou,Artemis Aquatics,LC,2024 MSAC National Prep Meet,2024-03-17,14y/o,100M,L,Freestyle,1:02.10
Joanne Lou,Artemis Aquatics,LC,2024 MSAC National Prep Meet,2024-03-17,14y/o,100M,L,Breaststroke,1:21.90
Joanne Lou,Artemis Aquatics,LC,2024 Victorian Metropolitan LC Championships,2024-03-11,14y/o,100M,L,Breaststroke,1:23.63
Joanne Lou,Artemis Aquatics,LC,2024 Victorian Metropolitan LC Championships,2024-03-10,14y/o,100M,L,Freestyle,1:02.38
Joanne Lou,Artemis Aquatics,LC,2024 Victorian Metropolitan LC Championships,2024-03-09,14y/o,200M,L,Breaststroke,3:00.40
Joanne Lou,Artemis Aquatics,LC,2024 GSV Swimming - Division One,2024-03-04,14y/o,50M,L,Freestyle,0:29.70
Joanne Lou,Artemis Aquatics,LC,2024 GSV Swimming - Division One,2024-03-04,14y/o,50M,L,Butterfly,0:32.83
Joanne Lou,Artemis Aquatics,LC,2024 GSV Swimming - Division One,2024-03-04,14y/o,50M,L,Breaststroke,0:36.59
Joanne Lou,Artemis Aquatics,LC,2024 GSV Swimming - Division One,2024-03-04,14y/o,50M,L,Freestyle,0:29.26
Joanne Lou,Artemis Aquatics,LC,2024 Victorian Open LC Championships,2024-02-23,13y/o,100M,L,Breaststroke,1:23.27
Joanne Lou,Artemis Aquatics,LC,Caulfield aquatics Long Course Meet 2024,2024-02-04,13y/o,100M,L,Breaststroke,1:23.99
Joanne Lou,Artemis Aquatics,LC,Caulfield aquatics Long Course Meet 2024,2024-02-04,13y/o,200M,L,Breaststroke,3:04.62
Joanne Lou,Artemis Aquatics,LC,2024 Victorian Sprint Championships,2024-01-13,13y/o,50M,L,Breaststroke,0:36.59
Joanne Lou,Artemis Aquatics,LC,2024 Victorian Sprint Championships,2024-01-13,13y/o,50M,L,Backstroke,0:36.33
Joanne Lou,Artemis Aquatics,LC,2024 Victorian Sprint Championships,2024-01-13,13y/o,50M,L,Freestyle,0:28.32
Joanne Lou,Artemis Aquatics,LC,2024 Victorian Sprint Championships,2024-01-13,13y/o,50M,L,Freestyle,0:28.77
Joanne Lou,Artemis Aquatics,LC,2024 Victorian Sprint Championships,2024-01-13,13y/o,50M,L,Breaststroke,0:38.00
Joanne Lou,Artemis Aquatics,LC,2024 Victorian Sprint Championships,2024-01-13,13y/o,50M,L,Butterfly,0:33.46
Joanne Lou,Artemis Aquatics,LC,Road Trip to Kardinia 2023,2023-12-30,13y/o,100M,L,Freestyle,1:12.92
Joanne Lou,Artemis Aquatics,LC,2024 Victorian Age LC Championships,2023-12-20,13y/o,50M,L,Freestyle,0:28.00
Joanne Lou,Artemis Aquatics,LC,2024 Victorian Age LC Championships,2023-12-20,13y/o,50M,L,Freestyle,0:28.01
Joanne Lou,Artemis Aquatics,LC,2024 Victorian Age LC Championships,2023-12-16,13y/o,50M,L,Freestyle,0:29.62
Joanne Lou,Artemis Aquatics,LC,2024 Victorian Age LC Championships,2023-12-16,13y/o,100M,L,Breaststroke,1:24.64
Joanne Lou,Artemis Aquatics,LC,2024 Victorian Age LC Championships,2023-12-16,13y/o,200M,L,Freestyle,2:22.09
Joanne Lou,Artemis Aquatics,LC,GCO Dec 23 LC Meet,2023-12-02,13y/o,100M,L,Freestyle,1:09.75
Joanne Lou,Artemis Aquatics,LC,GCO Dec 23 LC Meet,2023-12-02,13y/o,100M,L,Butterfly,1:16.57
Joanne Lou,Artemis Aquatics,LC,2023 Victorian Qualifying Competition - Week1,2023-11-18,13y/o,100M,L,Breaststroke,1:22.01
Joanne Lou,Artemis Aquatics,LC,2023 Victorian Qualifying Competition - Week1,2023-11-18,13y/o,100M,L,Freestyle,1:03.56
Joanne Lou,Artemis Aquatics,LC,2023 Victoria Long Course Distance Time Trial,2023-11-17,13y/o,400M,L,Medley,5:43.00
Joanne Lou,Artemis Aquatics,LC,Cheltenham Long Course Season Kick-Off,2023-10-21,13y/o,400M,L,Freestyle,5:02.66
Joanne Lou,Artemis Aquatics,LC,Firbank Aquastars 2023 Spring LC Meet,2023-10-15,13y/o,100M,L,Breaststroke,1:23.28
Joanne Lou,Artemis Aquatics,LC,Firbank Aquastars 2023 Spring LC Meet,2023-10-15,13y/o,50M,L,Freestyle,0:28.50
Joanne Lou,Artemis Aquatics,LC,Firbank Aquastars 2023 Spring LC Meet,2023-10-15,13y/o,100M,L,Freestyle,1:03.44
Joanne Lou,Artemis Aquatics,LC,Firbank Aquastars 2023 Spring LC Meet,2023-10-15,13y/o,50M,L,Butterfly,0:33.33
Joanne Lou,Artemis Aquatics,SC,2023 Victorian Age SC Championships,2023-09-03,13y/o,200M,S,Breaststroke,2:48.18
Joanne Lou,Artemis Aquatics,SC,2023 Victorian Age SC Championships,2023-09-03,13y/o,50M,S,Freestyle,0:27.75
Joanne Lou,Artemis Aquatics,SC,2023 Victorian Age SC Championships,2023-09-03,13y/o,200M,S,Breaststroke,2:49.71
Joanne Lou,Artemis Aquatics,SC,2023 Victorian Age SC Championships,2023-09-03,13y/o,50M,S,Freestyle,0:27.24
Joanne Lou,Artemis Aquatics,SC,2023 Victorian Age SC Championships,2023-09-02,13y/o,100M,S,Freestyle,1:00.51
Joanne Lou,Artemis Aquatics,SC,2023 Victorian Age SC Championships,2023-09-02,13y/o,100M,S,Freestyle,1:01.11
Joanne Lou,Artemis Aquatics,SC,2023 Victorian Age SC Championships,2023-09-01,13y/o,100M,S,Breaststroke,1:16.32
Joanne Lou,Artemis Aquatics,SC,2023 Victorian Age SC Championships,2023-09-01,13y/o,100M,S,Breaststroke,1:17.00
Joanne Lou,Artemis Aquatics,SC,2023 Victorian Age SC Championships,2023-09-01,13y/o,200M,S,Freestyle,2:16.07
Joanne Lou,Artemis Aquatics,SC,2023 Victorian Age SC Championships,2023-09-01,13y/o,200M,S,Freestyle,2:14.57
Joanne Lou,Artemis Aquatics,LC,School Sport Australia Swimming 2023,2023-08-25,13y/o,50M,L,Freestyle,0:28.76
Joanne Lou,Artemis Aquatics,LC,School Sport Australia Swimming 2023,2023-08-24,13y/o,50M,L,Backstroke,0:34.76
Joanne Lou,Artemis Aquatics,LC,School Sport Australia Swimming 2023,2023-08-24,13y/o,50M,L,Breaststroke,0:37.80
Joanne Lou,Artemis Aquatics,LC,School Sport Australia Swimming 2023,2023-08-24,13y/o,50M,L,Breaststroke,0:38.69
Joanne Lou,Artemis Aquatics,LC,School Sport Australia Swimming 2023,2023-08-23,13y/o,100M,L,Backstroke,1:17.12
Joanne Lou,Artemis Aquatics,LC,School Sport Australia Swimming 2023,2023-08-23,13y/o,50M,L,Freestyle,0:28.22
Joanne Lou,Artemis Aquatics,LC,School Sport Australia Swimming 2023,2023-08-23,13y/o,100M,L,Backstroke,1:15.62
Joanne Lou,Artemis Aquatics,LC,School Sport Australia Swimming 2023,2023-08-23,13y/o,50M,L,Freestyle,0:28.38
Joanne Lou,Artemis Aquatics,LC,School Sport Australia Swimming 2023,2023-08-22,13y/o,100M,L,Breaststroke,1:21.89
Joanne Lou,Artemis Aquatics,LC,School Sport Australia Swimming 2023,2023-08-22,13y/o,50M,L,Butterfly,0:33.78
Joanne Lou,Artemis Aquatics,LC,School Sport Australia Swimming 2023,2023-08-22,13y/o,100M,L,Breaststroke,1:21.49
Joanne Lou,Artemis Aquatics,SC,2023 Victorian Open SC Championships,2023-08-20,13y/o,50M,S,Breaststroke,0:35.95
Joanne Lou,Artemis Aquatics,SC,2023 Victorian Open SC Championships,2023-08-20,13y/o,100M,S,Freestyle,1:01.17
Joanne Lou,Artemis Aquatics,SC,2023 Victorian Open SC Championships,2023-08-20,13y/o,200M,S,Breaststroke,2:47.47
Joanne Lou,Artemis Aquatics,SC,2023 Victorian Open SC Championships,2023-08-19,13y/o,50M,S,Backstroke,0:33.84
Joanne Lou,Artemis Aquatics,SC,2023 Victorian Open SC Championships,2023-08-19,13y/o,50M,S,Freestyle,0:28.42
Joanne Lou,Artemis Aquatics,SC,2023 Victorian Open SC Championships,2023-08-19,13y/o,200M,S,Medley,2:38.04
Joanne Lou,Artemis Aquatics,SC,EDA Winter SC Meet,2023-08-12,13y/o,400M,S,Freestyle,4:53.56
Joanne Lou,Artemis Aquatics,SC,EDA Winter SC Meet,2023-08-12,13y/o,400M,S,Medley,5:30.10
Joanne Lou,Artemis Aquatics,SC,2023 Winter SC Trophy Meet,2023-07-30,13y/o,50M,S,Breaststroke,0:36.76
Joanne Lou,Artemis Aquatics,SC,2023 Winter SC Trophy Meet,2023-07-30,13y/o,200M,S,Breaststroke,2:48.74
Joanne Lou,Artemis Aquatics,SC,2023 Winter SC Trophy Meet,2023-07-30,13y/o,100M,S,Freestyle,1:03.58
Joanne Lou,Artemis Aquatics,SC,2023 Winter SC Trophy Meet,2023-07-30,13y/o,50M,S,Backstroke,0:34.71
Joanne Lou,Artemis Aquatics,SC,2023 Winter SC Trophy Meet,2023-07-30,13y/o,50M,S,Butterfly,0:33.67
Joanne Lou,Artemis Aquatics,SC,2023 Winter SC Trophy Meet,2023-07-30,13y/o,50M,S,Freestyle,0:28.46
Joanne Lou,Artemis Aquatics,SC,2023 Victorian Metropolitan SC Championships,2023-07-29,13y/o,100M,S,Breaststroke,1:17.30
Joanne Lou,Artemis Aquatics,SC,2023 Victorian Metropolitan SC Championships,2023-07-29,13y/o,50M,S,Freestyle,0:27.63
Joanne Lou,Artemis Aquatics,SC,2023 Victorian Metropolitan SC Championships,2023-07-29,13y/o,800M,S,Freestyle,9:47.61
Joanne Lou,Artemis Aquatics,SC,MLC Aquatic July 2023 SC Meet,2023-07-15,13y/o,200M,S,Medley,2:33.49
Joanne Lou,Artemis Aquatics,SC,MLC Aquatic July 2023 SC Meet,2023-07-15,13y/o,200M,S,Breaststroke,2:46.85
Joanne Lou,Artemis Aquatics,SC,MLC Aquatic July 2023 SC Meet,2023-07-15,13y/o,200M,S,Freestyle,2:14.85
Joanne Lou,Artemis Aquatics,SC,2023-Metro West Annual SC Meet - 4 June 2023,2023-06-04,13y/o,100M,S,Freestyle,1:01.76
Joanne Lou,Artemis Aquatics,SC,2023-Metro West Annual SC Meet - 4 June 2023,2023-06-04,13y/o,100M,S,Breaststroke,1:16.56
Joanne Lou,Artemis Aquatics,SC,2023-Metro West Annual SC Meet - 4 June 2023,2023-06-04,13y/o,50M,S,Breaststroke,0:35.89
Joanne Lou,Artemis Aquatics,SC,2023-Metro West Annual SC Meet - 4 June 2023,2023-06-04,13y/o,50M,S,Freestyle,0:27.58
Joanne Lou,Artemis Aquatics,LC,2023 Division One,2023-03-22,13y/o,50M,L,Freestyle,0:29.37
Joanne Lou,Artemis Aquatics,LC,2023 Division One,2023-03-22,13y/o,50M,L,Butterfly,0:34.50
Joanne Lou,Artemis Aquatics,LC,2023 Division One,2023-03-22,13y/o,50M,L,Breaststroke,0:37.92
Joanne Lou,Artemis Aquatics,LC,2023 Division One,2023-03-22,13y/o,50M,L,Freestyle,0:29.85
Joanne Lou,Artemis Aquatics,LC,2023 Victorian Age LC Championships,2023-03-13,13y/o,100M,L,Freestyle,1:04.75
Joanne Lou,Artemis Aquatics,LC,2023 Victorian Age LC Championships,2023-03-12,13y/o,200M,L,Backstroke,2:42.78
Joanne Lou,Artemis Aquatics,LC,2023 Victorian Age LC Championships,2023-03-12,13y/o,50M,L,Freestyle,0:28.35
Joanne Lou,Artemis Aquatics,LC,2023 Victorian Age LC Championships,2023-03-12,13y/o,50M,L,Freestyle,0:27.74
Joanne Lou,Artemis Aquatics,LC,2023 Victorian Age LC Championships,2023-03-11,13y/o,200M,L,Medley,2:44.69
Joanne Lou,Artemis Aquatics,LC,2023 Victorian Age LC Championships,2023-03-10,13y/o,400M,L,Freestyle,4:56.59
Joanne Lou,Artemis Aquatics,LC,2023 Victorian Age LC Championships,2023-03-09,13y/o,100M,L,Breaststroke,1:23.49
Joanne Lou,Artemis Aquatics,LC,2023 Victorian Age LC Championships,2023-03-09,13y/o,200M,L,Freestyle,2:19.08
Joanne Lou,Artemis Aquatics,LC,2023 Victorian Age LC Championships,2023-03-09,13y/o,200M,L,Freestyle,2:20.96
Joanne Lou,Artemis Aquatics,LC,2023 Victorian Age LC Championships,2023-03-09,13y/o,100M,L,Breaststroke,1:22.60
Joanne Lou,Artemis Aquatics,LC,Essendon Aquatic LC Meet E2 - E57,2023-02-26,12y/o,200M,L,Freestyle,2:18.87
Joanne Lou,Artemis Aquatics,LC,Essendon Aquatic LC Meet E2 - E57,2023-02-26,12y/o,50M,L,Breaststroke,0:38.37
Joanne Lou,Artemis Aquatics,LC,Essendon Aquatic LC Meet E2 - E57,2023-02-26,12y/o,200M,L,Backstroke,2:41.82
Joanne Lou,Artemis Aquatics,LC,Victorian Qualifying Competition - Week 2,2023-02-11,12y/o,100M,L,Breaststroke,1:29.27
Joanne Lou,Artemis Aquatics,LC,Victorian Qualifying Competition - Week 2,2023-02-11,12y/o,200M,L,Medley,2:42.58
Joanne Lou,Artemis Aquatics,LC,Victorian Qualifying Competition - Week 2,2023-02-11,12y/o,100M,L,Backstroke,1:16.25
Joanne Lou,Artemis Aquatics,LC,2023 Victorian Metro LC Championships,2023-01-29,12y/o,200M,L,Freestyle,2:22.46
Joanne Lou,Artemis Aquatics,LC,2023 Victorian Metro LC Championships,2023-01-28,12y/o,100M,L,Backstroke,1:14.77
Joanne Lou,Artemis Aquatics,LC,2023 Victorian Metro LC Championships,2023-01-27,12y/o,200M,L,Medley,2:41.93
Joanne Lou,Artemis Aquatics,LC,2023 Victorian Metro LC Championships,2023-01-27,12y/o,200M,L,Backstroke,2:43.28
Joanne Lou,Artemis Aquatics,LC,2023 Victorian Metro LC Championships,2023-01-27,12y/o,100M,L,Freestyle,1:03.51
Joanne Lou,Artemis Aquatics,LC,2023 Victorian Sprint Championships,2023-01-15,12y/o,50M,L,Backstroke,0:33.95
Joanne Lou,Artemis Aquatics,LC,2023 Victorian Sprint Championships,2023-01-15,12y/o,50M,L,Breaststroke,0:39.66
Joanne Lou,Artemis Aquatics,LC,2023 Victorian Sprint Championships,2023-01-15,12y/o,50M,L,Freestyle,0:28.49
Joanne Lou,Artemis Aquatics,LC,2023 Victorian Sprint Championships,2023-01-14,12y/o,50M,L,Breaststroke,0:39.35
Joanne Lou,Artemis Aquatics,LC,2023 Victorian Sprint Championships,2023-01-14,12y/o,50M,L,Backstroke,0:34.33
Joanne Lou,Artemis Aquatics,LC,2023 Victorian Sprint Championships,2023-01-14,12y/o,50M,L,Butterfly,0:35.46
Joanne Lou,Artemis Aquatics,LC,2023 Victorian Sprint Championships,2023-01-14,12y/o,50M,L,Freestyle,0:28.47
Joanne Lou,Artemis Aquatics,LC,Metro West District Championships 2022-2023,2022-12-02,12y/o,800M,L,Freestyle,10:41.09
Joanne Lou,Artemis Aquatics,LC,NORTH-WEST AQUATIC MSAC SPRINT MEET,2022-11-25,12y/o,50M,L,Butterfly,0:34.60
Joanne Lou,Artemis Aquatics,LC,NORTH-WEST AQUATIC MSAC SPRINT MEET,2022-11-25,12y/o,50M,L,Freestyle,0:29.51
Joanne Lou,Artemis Aquatics,LC,NORTH-WEST AQUATIC MSAC SPRINT MEET,2022-11-25,12y/o,50M,L,Backstroke,0:35.13
Joanne Lou,Artemis Aquatics,LC,NORTH-WEST AQUATIC MSAC SPRINT MEET,2022-11-25,12y/o,50M,L,Breaststroke,0:40.94
Joanne Lou,Artemis Aquatics,LC,MLC Aquatic November 2022 LC Meet,2022-11-13,12y/o,200M,L,Freestyle,2:21.69
Joanne Lou,Artemis Aquatics,LC,MLC Aquatic November 2022 LC Meet,2022-11-13,12y/o,100M,L,Freestyle,1:04.39
Joanne Lou,Artemis Aquatics,LC,2022 GSV Years 5 & 6 Swimming - AM,2022-11-10,12y/o,100M,L,Freestyle,1:06.78
Joanne Lou,Artemis Aquatics,LC,2022 GSV Years 5 & 6 Swimming - AM,2022-11-10,12y/o,50M,L,Freestyle,0:30.34
Joanne Lou,Artemis Aquatics,LC,2022 GSV Years 5 & 6 Swimming - AM,2022-11-10,12y/o,50M,L,Butterfly,0:35.70
Joanne Lou,Artemis Aquatics,LC,2022 GSV Years 5 & 6 Swimming - AM,2022-11-10,12y/o,50M,L,Backstroke,0:36.96
Joanne Lou,Artemis Aquatics,LC,Metro East Distance Meet 2022,2022-10-22,12y/o,400M,L,Freestyle,5:18.03
Joanne Lou,Artemis Aquatics,LC,School Sport Australia Swimming 2022,2022-08-22,12y/o,50M,L,Freestyle,0:28.95
Joanne Lou,Artemis Aquatics,LC,School Sport Australia Swimming 2022,2022-08-22,12y/o,50M,L,Freestyle,0:28.17
Joanne Lou,Artemis Aquatics,LC,School Sport Australia Swimming 2022,2022-08-21,12y/o,50M,L,Backstroke,0:36.12
Joanne Lou,Artemis Aquatics,LC,School Sport Australia Swimming 2022,2022-08-21,12y/o,100M,L,Freestyle,1:05.10
Joanne Lou,Artemis Aquatics,LC,School Sport Australia Swimming 2022,2022-08-21,12y/o,100M,L,Freestyle,1:05.22
Joanne Lou,Artemis Aquatics,LC,School Sport Australia Swimming 2022,2022-08-21,12y/o,200M,L,Medley,2:51.63
Joanne Lou,Artemis Aquatics,LC,School Sport Australia Swimming 2022,2022-08-21,12y/o,50M,L,Backstroke,0:34.71
Joanne Lou,Artemis Aquatics,LC,School Sport Australia Swimming 2022,2022-08-20,12y/o,200M,L,Freestyle,2:23.04
Joanne Lou,Artemis Aquatics,LC,School Sport Australia Swimming 2022,2022-08-20,12y/o,50M,L,Backstroke,0:34.35
Joanne Lou,Artemis Aquatics,SC,2022 Victorian Open SC Championships,2022-08-14,12y/o,100M,S,Freestyle,1:02.21
Joanne Lou,Artemis Aquatics,SC,2022 Victorian Open SC Championships,2022-08-14,12y/o,200M,S,Freestyle,2:16.37
Joanne Lou,Artemis Aquatics,SC,2022 Victorian Open SC Championships,2022-08-14,12y/o,200M,S,Freestyle,2:20.20
Joanne Lou,Artemis Aquatics,SC,2022 Victorian Open SC Championships,2022-08-14,12y/o,50M,S,Freestyle,0:27.92
Joanne Lou,Artemis Aquatics,SC,2022 Victorian Open SC Championships,2022-08-14,12y/o,50M,S,Freestyle,0:28.28
Joanne Lou,Artemis Aquatics,SC,2022 Victorian Open SC Championships,2022-08-14,12y/o,100M,S,Backstroke,1:16.27
Joanne Lou,Artemis Aquatics,SC,2022 Victorian Open SC Championships,2022-08-13,12y/o,200M,S,Medley,2:40.73
Joanne Lou,Artemis Aquatics,SC,2022 Victorian Open SC Championships,2022-08-13,12y/o,200M,S,Backstroke,2:50.31
Joanne Lou,Artemis Aquatics,SC,2022 Victorian Open SC Championships,2022-08-13,12y/o,50M,S,Freestyle,0:28.27
Joanne Lou,Artemis Aquatics,SC,2022 Victorian Open SC Championships,2022-08-13,12y/o,100M,S,Freestyle,1:01.02
Joanne Lou,Artemis Aquatics,SC,2022 Victorian Open SC Championships,2022-08-13,12y/o,100M,S,Freestyle,1:02.59
Joanne Lou,Artemis Aquatics,SC,2022 Victorian Open SC Championships,2022-08-13,12y/o,200M,S,Medley,2:41.12
Joanne Lou,Artemis Aquatics,SC,2022 Surrey Park Short Course Meet,2022-07-17,12y/o,50M,S,Breaststroke,0:39.36
Joanne Lou,Artemis Aquatics,SC,2022 Surrey Park Short Course Meet,2022-07-17,12y/o,50M,S,Backstroke,0:34.69
Joanne Lou,Artemis Aquatics,SC,2022 Surrey Park Short Course Meet,2022-07-17,12y/o,50M,S,Freestyle,0:28.83
Joanne Lou,Artemis Aquatics,SC,2022 Surrey Park Short Course Meet,2022-07-17,12y/o,100M,S,Breaststroke,1:30.37
Joanne Lou,Artemis Aquatics,SC,2022 Surrey Park Short Course Meet,2022-07-17,12y/o,100M,S,Butterfly,1:24.90
Joanne Lou,Artemis Aquatics,SC,2022 Surrey Park Short Course Meet,2022-07-17,12y/o,100M,S,Freestyle,1:02.65
Joanne Lou,Artemis Aquatics,SC,2022 Surrey Park Short Course Meet,2022-07-17,12y/o,100M,S,Backstroke,1:16.94
Joanne Lou,Artemis Aquatics,SC,MLC Aquatic June 2022 SC Meet,2022-06-26,12y/o,200M,S,Medley,2:43.25
Joanne Lou,Artemis Aquatics,SC,MLC Aquatic June 2022 SC Meet,2022-06-26,12y/o,200M,S,Backstroke,2:45.66
Joanne Lou,Artemis Aquatics,SC,MLC Aquatic June 2022 SC Meet,2022-06-26,12y/o,200M,S,Freestyle,2:22.83
Joanne Lou,Artemis Aquatics,LC,2021-2022Metro West District Championships,2022-05-27,12y/o,800M,L,Freestyle,10:58.71
Joanne Lou,Artemis Aquatics,LC,SCHOOL SPORT VICTORIA,2022-04-29,12y/o,50M,L,Backstroke,0:34.55
Joanne Lou,Artemis Aquatics,LC,SCHOOL SPORT VICTORIA,2022-04-29,12y/o,50M,L,Freestyle,0:28.41
